Enteritment,Education,Technology,Music,Travel and adventure,News and current affairs
Comedy,Tutorial,Technologies,Music,Travel,News
Sketch,Lecture,Tech news,Music video,Adventure,Current affairs
Prank,Educational,Gadgets,Song,Exploration,Politics
Stand-up,Learning,Electronics,Live performance,Destination,World events
Parody,Online course,Reviews,Concert,Vlog,Breaking news
Music,Lesson,Unboxing,Band,City tour,Headlines
Dance,Study tips,Product demonstrations,Artist,Sightseeing,News analysis
Performance,Exam preparation,Tutorials,Album,Hiking,News commentary
Celebrity,Science,How-to guides,rock,Trekking,News updates
Interview,Mathematics,Software,Music production,Backpacking,News report
Film,History,Hardware,Recording,Camping,Investigative journalism
Trailer,Literature,Mobile devices,Studio,Road trip,Interviews
Animation,Language learning,Smartphones,Music theory,Wildlife,Press conferences
Short film,Coding,Laptops,Instrument,Nature,Documentaries
Web series,Computer science,Computers,Guitar,Outdoor activities,Political debates
Sitcom,Physics,Programming,Piano,Travel tips,Social issues
Reality TV,Chemistry,Coding,Drums,Travel hacks,Global affairs
Game show,Biology,Web development,Violin,Travel guide,Economic news
Talent show,Geography,Artificial Intelligence (AI),Voice,Cultural experiences,Environmental news
Variety show,Astronomy,Machine Learning (ML),Singing,Food travel,Health news
Concert,Psychology,Data Science,Songwriting,Adventure sports,Science news
Live performance,Philosophy,Internet of Things (IoT),Music composition,Scuba diving,Technology news
Theatre,Art history,Cybersecurity,Music lessons,Surfing,Business news
Musical,Academic writing,Tech startups,Music tutorials,Mountaineering,Sports news
Magic,Research methods,Innovation,Music equipment,Photography,Local news
Circus,Study skills,Tech events,Music festivals,Solo travel,National news
Circus arts,Test-taking strategies,Tech industry,Music industry,Group travel,International news
Street performance,Critical thinking,Future technology,Music history,Travel planning,Media coverage
Improv,Problem-solving,Tech tips and tricks,Music awards,Local experiences,News broadcasting
Vlogging,Educational technology,Tech reviews and comparisons,Music reviews,Travel vlogs,News channels
,,,pop,,
,,,jazz,,
,,,hip-hop,,
,,,classical,,
